question,expected_answer,generated_answer,perplexity,keyword_score,semantic_score,ai_judge_score,final_score
"What is the rate of bleeding stroke associated with statin use over 5 years of treatment per 10,000 people treated?","Over 5 years of treatment, statins result in 7.5 cases of bleeding stroke per 10,000 people treated.","About 2 cases per 10,000 people treated.",2.2288637161254883,0.43298259838356606,0.34199150899976005,0.9,0.5833931232766173
Which medications used in cardiac stress testing can cause mild hypotension?,Adenosine and dipyridamole.,Vasodilators such as nitroglycerin.,3.6293282508850098,0.0,0.37290980875302393,0.4,0.3091639235012096
What is the advantage of using perfusion stress test with 99mTc labelled sestamibi?,It is appropriate for select patients with an abnormal resting electrocardiogram.,It allows for measurement of myocardial perfusion.,37.11876678466797,0.0,0.43720540889328596,0.4,0.3348821635573144
What is the suggested course of action if angina is suspected?,An urgent medical assessment is suggested to rule out serious medical conditions.,"Immediate assessment for risk factors and cardiovascular history, followed by evaluation for heart disease.",14.985295295715332,0.1310929783438239,0.418515100180939,0.9,0.5536246357411404
What is the benefit of using beta blockers in glaucoma treatment?,They can lower intraocular pressure.,They can help reduce intraocular pressure.,2.9277448654174805,0.6364342782914442,0.9062635609530728,0.9,0.849792280039518
In which types of muscles does the troponin complex play a role in contraction?,Skeletal muscle and cardiac muscle.,Muscle tissue.,3.318260908126831,0.3693206356771298,0.6061083495921248,0.4,0.47630746697227594
When might surgical intervention be necessary for mitral valve prolapse?,In rare instances when there is severe mitral regurgitation.,If there is significant regurgitation or symptoms of heart failure.,5.609348773956299,0.30225435336481016,0.6295223244014517,0.9,0.6722598004335427
When does the aortic valve close in a healthy individual?,"In a healthy individual, the aortic valve closes when the pressure in the left ventricle falls below the pressure in the aorta.",The aortic valve closes around 20 years of normal use.,1.8294721841812134,0.3485521295391804,0.6836435107616153,0.1,0.38316783021248224
What is the success rate of antiarrhythmic medications in controlling atrial flutter?,Medications used to restore a normal heart rhythm (antiarrhythmics) such as ibutilide effectively control atrial flutter about 80% of the time when they are started.,Antiarrhythmic medications have a modest success rate (about 60-70%) in controlling atrial flutter.,8.43203067779541,0.3046440567041303,0.8186105079149778,0.7,0.6683730145068172
What does angina due to coronary vasospasm lack on cardiac catheterization?,Evidence of atherosclerosis.,Evidence of atherosclerosis.,1.3953094482421875,1.0,1.0,0.2,0.6800000000000002
What is the prognosis for patients with severe aortic stenosis?,"Patients with severe aortic stenosis have a poor prognosis if left untreated, with a median survival time of about 2-3 years.",The prognosis is generally poor due to progressive heart failure and reduced quality of life.,2.595829725265503,0.1943524685340272,0.5359970048710302,0.9,0.6132692956552176
What is the main purpose of using T1-weighted imaging in the diagnosis of hypertrophic cardiomyopathy?,To identify scarring of cardiac tissues.,To help differentiate it from other causes of apical ballooning.,29.724044799804688,0.0,0.34078754531382,0.4,0.2963150181255281
Can Takotsubo cardiomyopathy occur without a major stressor?,"Yes, it can also appear in patients who have not experienced major stressors.","Yes, it can occur spontaneously.",11.21512222290039,0.0,0.39242608891106484,0.9,0.516970435564426
Are there gender-specific conditions associated with metabolic syndrome?,Polycystic ovarian syndrome in women and erectile dysfunction in men.,"Yes, type 2 diabetes is more common in women than in men.",16.16665267944336,0.1737733680710754,0.3728149897236589,0.4,0.3438806695036787
What is the recommended echocardiographic view for assessing leaflet displacement in mitral valve prolapse?,Parasternal long-axis view.,Two-dimensional views.,2.1372127532958984,0.0,0.4451677022336771,0.4,0.3380670808934709
How does stress echocardiography assist in diagnosing microvascular angina?,By evaluating the function of the heart muscle under stress conditions.,By showing the presence of coronary artery disease with reduced blood flow to the heart muscle.,2.323343515396118,0.18935358606995506,0.5638022781493054,0.8,0.5833916284737133
How often is IE caused by bacteria?,Most cases of IE are due to bacteria.,Bacteria can cause IE when they enter through the mouth via food or teeth.,4.453826427459717,0.26836855283284416,0.5313340880861267,0.4,0.42620734580101954
"Which Japanese biochemist discovered mevastatin, a molecule produced by the fungus Penicillium citrinum?","Akira Endo, a Japanese biochemist working for the pharmaceutical company Sankyo, discovered mevastatin.",Takashi Fukuda,5.799561977386475,0.0,0.3042901101560387,0.4,0.2817160440624155
What limitation does the number needed to treat have regarding the applicability of rosuvastatin for preventing venous thromboembolism?,Limiting its applicability.,It only provides an estimate based on patient-level data.,49.5047492980957,0.0,0.15413553447088194,0.2,0.1416542137883528
What is the mechanism of action of beta-blockers in managing heart rate in atrial fibrillation?,"They block beta-adrenergic receptors, reducing sympathetic tone and slowing heart rate.",They reduce myocardial contractility and decrease the heart's ability to pump blood effectively.,6.755266189575195,0.14444441400864586,0.7213902523908455,0.8,0.6374449837580675
What is the typical age-related maximum heart rate?,The maximum heart rate based on age can be calculated roughly by subtracting patient age from 220.,The typical age-related maximum heart rate is about 10 beats per minute (bpm).,5.976748466491699,0.30877016390598794,0.7455678523157919,0.2,0.4399811737075144
What is the role of diuretics in the treatment of heart failure?,To reduce fluid overload and alleviate symptoms such as shortness of breath and swelling in the legs.,To reduce fluid overload and alleviate symptoms.,2.9912381172180176,0.6586644718448024,0.8290913299521226,0.9,0.8233694263498097
How is SVT typically diagnosed?,"Diagnosis is typically by electrocardiogram (ECG), Holter monitor, or event monitor.",Diagnosis is made by listening to the heart with a stethoscope and measuring the heart's electrical activity using an electrocardiogram (ECG).,2.3625545501708984,0.2723200748011969,0.7826125323075175,0.8,0.6875090278832465
What does an evidence-based BMJ Rapid Recommendation make regarding transapical TAVI in people who are also candidates for either transfemoral TAVI or surgery?,A strong recommendation against transapical TAVI.,It recommends that people who are also candidates for either transfemoral TAVI or surgery receive transapical TAVI.,2.05436372756958,0.3345253925130129,0.750476897756841,0.2,0.447095837605339
What is the purpose of comparing CABG's efficacy with PCI?,To determine which treatment is more effective for specific patient subgroups.,To determine which approach provides better outcomes for patients with coronary artery disease.,2.473670482635498,0.26298689032213535,0.5319110186663848,0.9,0.625361785530981
How does Brugada syndrome affect the heart's electrical system?,"Brugada syndrome affects the heart's electrical system, causing abnormal heart rhythms that can lead to fainting or sudden cardiac death.",It causes abnormal electrical activity in the heart that can lead to arrhythmias and sudden cardiac death,2.3636419773101807,0.5737103650534741,0.5894986108761685,0.9,0.7105415173611622
What does HEMORR2HAGES stand for?,"HEMORR2HAGES stands for Hemorrhagic transformation, Etiology, Medication, End-organ damage, Renal dysfunction, Rebleeding, History of bleeding, Age, Gender, and Gastrointestinal comorbidity.",HEMORR2HAGES stands for Hemorrhagic stroke with atrial fibrillation and heart failure.,13.844340324401855,0.2654622571825083,0.804214110887786,0.4,0.5347780957916162
Was it previously thought that the prognosis for diastolic dysfunction was better than systolic dysfunction?,"Until recently, it was generally assumed that the prognosis for individuals with diastolic dysfunction and associated intermittent pulmonary edema was better than those with systolic dysfunction.","Yes, this was the prevailing view until the late 1980s.",10.129634857177734,0.10366760050297558,0.08346975833485258,0.9,0.4141214234345362
What does digoxin do in the context of CHD treatment?,It strengthens the contraction of the heart and slows the heartbeat.,Digoxin is used to treat heart failure and cardiac arrhythmias.,11.203018188476562,0.101506919602114,0.4138251280323066,0.4,0.34583143513334547
What is the relationship between statins and primary prevention?,Statins are widely used for primary prevention in people at high risk of cardiovascular disease.,They have been shown to be effective at reducing cholesterol levels in people who are unable to receive medical treatment.,2.358750820159912,0.07974050385871177,0.4843322827042512,0.1,0.24968101385344285
What is the primary reason for the development of pulmonary hypertension in patients with large atrial septal defects?,Chronic right-to-left shunting leading to overcirculation of the pulmonary vasculature.,The increased pressure in the right side of the heart leads to pulmonary hypertension.,4.830593109130859,0.23198726496470706,0.5682808176406483,0.6,0.5137097800492008
What does right heart catheterization measure in the context of pulmonary hypertension?,It measures pulmonary artery pressure and assesses the pulmonary vascular resistance.,Right ventricular stroke volume and wall thickness measurement.,3.5739972591400146,0.0,0.3805847014819513,0.4,0.31223388059278057
What is the expected outcome of effective treatment for heart failure?,"Reduced symptoms, improved exercise tolerance, and reduced risk of complications.",Improved quality of life and reduced mortality.,4.9477219581604,0.3690627111036915,0.5616932123415798,0.8,0.6184898271573702
What is the first step in diagnosing atrial fibrillation?,Performing an electrocardiogram (ECG/EKG).,The first step is to determine the cause of the arrhythmia through an electrocardiogram (ECG).,1.7167203426361084,0.22203518287952992,0.638036434431232,0.8,0.6196216103483989
What is a common application of diuretics in sports?,A common application of diuretics is for the purposes of invalidating drug tests.,Weight loss for athletic performance enhancement.,27.39852523803711,0.0,0.027986746191065105,0.2,0.09119469847642606
Which parts of the heart are most commonly affected in HCM?,The interventricular septum and the ventricles.,The right ventricle is most often affected.,7.243075847625732,0.0,0.5637510483170594,0.4,0.3855004193268238
What are some common risk factors for developing atherosclerosis?,"Common risk factors include hypertension, hyperlipidemia, smoking, diabetes mellitus, obesity, and genetic predisposition.","Smoking, high blood pressure, diabetes, and lack of physical activity.",3.103015899658203,0.2057108031527426,0.665974228889254,0.6,0.5475318521862501
What initiates the electrical signal in the heart's conduction system?,The SA node located in the upper portion of the right atrium.,The sinoatrial (SA) node produces electrical impulses that travel through the conduction system to reach the ventricles.,4.484518527984619,0.10677792347894591,0.5659823016586629,0.9,0.6077485053592544
What ECG finding is associated with abnormalities of ventricular muscle repolarization?,QT prolongation is associated with abnormalities of ventricular muscle repolarization.,Abnormalities of ventricular muscle repolarization are often seen.,4.3322858810424805,0.6284755991369952,0.6884412033399095,0.8,0.7210716011633629
What are the legal implications for workers' compensation claims involving myocardial infarction?,A heart attack may be considered a work-related injury if it results from unusual emotional stress or unusual exertion.,Coverage issues may arise depending on whether the employer has provided a safe place to rest or is covered under the law.,3.581563711166382,0.0,0.3048755581656188,0.2,0.20195022326624754
Is inotropic support commonly used in restrictive cardiomyopathy?,"No, because contractility is usually normal.","No, it is not typically used.",6.915462017059326,0.0,0.28249403983488963,0.9,0.4729976159339559
How might blood viscosity be affected in cor pulmonale?,Blood viscosity can be increased in cor pulmonale.,Blood viscosity may increase due to the accumulation of fluid in the pulmonary vasculature.,2.4130632877349854,0.3628753220315199,0.6104756614770263,0.8,0.6367653289971146
What is the diagnostic criterion for Wolff-Parkinson-White syndrome based on ECG findings?,"The presence of an extra conduction pathway, typically evidenced by the delta wave in the QRS complex on an ECG.",ECG shows a pattern of intermittent ventricular tachycardia or fibrillation with no evidence of sustained ventricular arrhythmia.,20.1074275970459,0.0,0.5418601276524668,0.4,0.37674405106098674
What is the significance of third-degree AV block?,It indicates a more severe underlying condition compared to other types of AV block.,Third-degree AV block is often irreversible and may require permanent pacemaker implantation.,19.169322967529297,0.1149695749855924,0.41997753026991047,0.9,0.5509849271050827
Can tricyclic antidepressants be used concurrently with nitrovasodilators?,"Yes, but they can contribute to low blood pressure.","Yes, they can be used to manage blood pressure and reduce the risk of cardiovascular events.",3.839883804321289,0.41267901468156537,0.7434447578009475,0.8,0.6999137060566922
How does arrhythmia contribute to heart failure?,By disrupting the normal pumping function of the heart.,"Arrhythmia can contribute to heart failure by reducing cardiac output and increasing afterload, leading to impaired cardiac function.",5.32438325881958,0.19186568166463328,0.4188357876577314,0.9,0.5659074513960193
What treatment might be used for myocarditis caused by an autoimmune condition?,Corticosteroids or other immunosuppressive drugs.,Immunosuppressive medications.,2.6103086471557617,0.3487944218009639,0.7559257979093343,0.6,0.6121292035239265
What does the term 'preserved ejection fraction' refer to in HFpEF?,"In HFpEF, the ejection fraction is preserved.",The condition where the heart is able to pump blood effectively despite reduced filling capacity.,3.7075536251068115,0.0,0.14186382897653255,0.4,0.21674553159061305
What is the gold standard for measuring ejection fraction?,Cardiac magnetic resonance (CMR) is the clinical 'gold standard' for measuring ejection fraction.,Echocardiography with Doppler ultrasound of the right ventricle.,7.065345287322998,0.0,0.2521415541640553,0.4,0.2608566216656222
Does PCI affect the need for other interventions in patients with acute coronary syndromes?,Guidelines and best practices are constantly evolving regarding the impact of PCI on the need for other interventions in patients with acute coronary syndromes.,"No, it does not require further intervention.",3.2664427757263184,0.0,0.2753595028426607,0.8,0.43014380113706435
What is the term used to describe angina that worsens over time?,Worsening angina attacks.,Stable angina,11.264945030212402,0.4823922887441202,0.5552998169566862,0.4,0.47859838453149856
What is cardiac catheterization?,Cardiac catheterization is the insertion of a catheter into a chamber or vessel of the heart for diagnostic and interventional purposes.,A procedure where catheters are inserted into blood vessels to be guided through the heart and other parts of the body.,6.801571846008301,0.13409208190069669,0.7649776332932283,0.8,0.6528094696974307
What is a potential consequence of ischemia in the heart?,Abnormal heart rhythms called arrhythmias—the heart beating either too slowly or too quickly.,A reduction in cardiac output leading to decreased blood flow to vital organs.,34.19964599609375,0.0,0.36910258047420663,0.4,0.3076410321896827
What does the AHA/ACC/HFSA define as heart failure?,Symptoms and signs consistent with heart failure in combination with shown structural and functional alterations of the heart as the underlying cause for the clinical presentation.,Heart failure is defined as an intermediate state between normal heart function and acute decompensated heart failure.,10.030858039855957,0.14574369402596107,0.634695284895172,0.4,0.44302685276326104
What unique feature does TNNI3 have compared to other TnI genes in humans and tetrapods?,TNNI3 has an N-terminal extension.,It has a unique N-terminal extension (NTE) domain that is not found in the other TnI genes.,4.8250226974487305,0.4608646449681797,0.4848343100090003,0.9,0.6461066529972361
How did the left atrium diameter differ between football players with and without mitral regurgitation?,Athletes with mitral regurgitation had larger left atrium diameter.,Football players with mitral regurgitation had larger left atrium diameter.,1.2251622676849365,0.8961503942325741,0.900956325691216,0.9,0.8996126091230012
What process besides cholesterol production is inhibited by HMG-CoA reductase?,"HMG-CoA reductase is also involved in other processes, such as CoQ10 production.",The process of the de novo synthesis of cholesterol from acetyl-coenzyme A.,9.88532829284668,0.0,0.3175114777057227,0.1,0.1670045910822891
"According to the AHA, which risk factors indicate medium risk for coronary heart disease?","Smoking, family history of coronary artery stenosis, hypertension, diabetes, and high cholesterol.","Smoker, non-smoker, sedentary, obese, or depressed, high blood pressure, diabetes, or high cholesterol.",1.7717300653457642,0.35634911551650017,0.6226801356450722,0.4,0.48034187736132894
What are the typical symptoms experienced when arrhythmias occur in LQTS patients?,"If the arrhythmia reverts to a normal rhythm spontaneously, the affected person may experience lightheadedness (presyncope) or faint. A fluttering sensation in the chest may precede fainting.","Symptoms may include palpitations, dizziness, shortness of breath, chest pain, or syncope.",20.708654403686523,0.07818976486393017,0.5441944043119736,0.4,0.39331571469757554
How much mortality reduction was associated with ACE inhibitors according to the meta-analysis?,"10% mortality reduction (HR 0.90; 95% CI, 0.84–0.97; P=0.004).",The meta-analysis found that ACE inhibitors were associated with a 15% lower mortality rate compared to placebo.,3.31058406829834,0.1733637573104847,0.4236553061486633,0.4,0.3641348739215623
How does dilated cardiomyopathy typically develop?,"Dilated cardiomyopathy develops insidiously, meaning it progresses gradually and may not initially cause symptoms significant enough to impact on quality of life.",It is usually caused by a genetic disorder.,29.794891357421875,0.0,0.17420778043369872,0.4,0.22968311217347953
What is an implantable cardioverter-defibrillator (ICD)?,"An implantable cardioverter-defibrillator (ICD) or automated implantable cardioverter defibrillator (AICD) is a device implantable inside the body, able to perform defibrillation, and depending on the type, cardioversion and pacing of the heart.",An ICD is a device that can be surgically implanted under the skin to monitor heart rhythm and deliver electrical shocks to restore normal heartbeat if necessary.,7.283915996551514,0.11630861264688304,0.7765170590644268,0.8,0.6538685461551474
What is another term for a myocardial infarction?,A myocardial infarction is also commonly known as a heart attack.,Heart attack.,2.2940917015075684,0.39280474449168057,0.5908899580071946,0.9,0.6749169321012141
What is the risk of death for LQTS patients with proper treatment?,"With proper treatment, this decreases to less than 1% over 20 years.",Less than 1%.,11.076828956604004,0.3621977326124376,0.37296507810138235,0.8,0.5416255777630405
Can nitrovasodilators be used in all types of shock?,"No, they are contraindicated in shock, including cardiogenic shock.","No, they are contraindicated in patients with severe hypotension or when blood pressure falls too low.",4.926336765289307,0.2785841734735923,0.7130155526380577,0.4,0.5009230557499416
What is the treatment for first-degree AV block?,No specific treatment is usually required.,No specific treatment is required; it may resolve on its own or with time.,2.5406320095062256,0.6754573379773673,0.745713650664776,0.9,0.7933769278613839
What management options are available for LQTS patients?,"Management may include avoiding strenuous exercise, getting sufficient potassium in the diet, the use of beta blockers, or an implantable cardiac defibrillator.",Rate control of heart failure with reduced ejection fraction (HFRFE) or surgical intervention if there is significant symptoms and left ventricular dysfunction.,13.233884811401367,0.0,0.4205515173267998,0.4,0.32822060693071997
What is the pathophysiology behind the development of supraventricular tachycardia in WPW syndrome?,Reentry loop involving both the atrioventricular node and the accessory pathway.,"The presence of the accessory pathway allows electrical activity from the atria to pass through to the ventricles, bypassing the normal atrioventricular node.",15.389405250549316,0.38792870263464285,0.6337726468894881,0.4,0.49109479928272387
What is third-degree AV block also known as?,Third-degree AV block is also known as complete heart block.,Third-degree or complete heart block.,1.7506266832351685,0.8331706898511736,0.799802834036825,0.9,0.8465552715849648
What were the four key features described by Fallot that differentiate Tetralogy of Fallot from other cyanotic cardiac conditions?,"Stenosis of the pulmonary artery, overriding aorta, right ventricular hypertrophy, and a ventricular septal defect","The four key features described by Fallot were: pulmonary hypertension, right ventricular hypertrophy, cyanosis, and a heart murmur.",2.6146013736724854,0.3581339437598577,0.41028303605521776,0.4,0.39574000317405866
What is the difference between systolic and diastolic blood pressure?,"Systolic blood pressure is the top number representing the pressure in arteries during contraction of the heart, while diastolic blood pressure is the bottom number representing the pressure in arteries during relaxation of the heart.","Systolic blood pressure is the upper number, while diastolic blood pressure is the lower number.",2.2569706439971924,0.541239181514747,0.8594799520694191,0.8,0.7720398171307171
What is considered a severe form of angina?,"Worsening angina attacks, sudden-onset angina at rest, and angina lasting more than 15 minutes.",Angina that occurs with minimal exercise or even with minimal activity can be considered a severe form of angina.,8.773053169250488,0.10818257245290709,0.5443430209280128,0.4,0.3993737228617866
Can blood levels of cardiac troponin be used to diagnose stroke?,"Yes, but with low sensitivity.","Yes, by measuring the level of cardiac troponin in the blood.",26.623685836791992,0.0,0.4068797907017103,0.8,0.4827519162806842
Why is provocative testing not routinely performed in the clinical setting?,The reason for this is due to the adverse effects of these pharmacological agents.,Because it carries significant risks of complications such as cardiac arrest or death.,19.1542911529541,0.0,0.4873810213763051,0.9,0.5549524085505221
How does the use of anticoagulants before cardiac catheterization affect the risk of bleeding?,Anticoagulants increase the risk of bleeding during and after the procedure.,It increases the risk of bleeding.,2.622929334640503,0.3901084709807972,0.5886657816473072,0.9,0.6734880068550824
Can pulmonary hypertension present with coughing up of blood?,"Yes, coughing up of blood may occur in some patients, particularly those with specific subtypes of pulmonary hypertension such as heritable pulmonary arterial hypertension, Eisenmenger syndrome, and chronic thromboembolic pulmonary hypertension.","Yes, it can present with cough production containing red blood cells or clots.",5.394007205963135,0.11407901414772133,0.6979857344331923,0.8,0.6220100966028212
Who endorses the ESC and ERS guidelines for pulmonary hypertension?,The International Society for Heart and Lung Transplantation.,European Society of Cardiology (ESC) and European Respiratory Society (ERS).,34.58797836303711,0.2937886766380392,0.4938178180738472,0.4,0.4162848625571468
In whom might the risk of bleeding during anticoagulant therapy be particularly high?,"The risk of bleeding during anticoagulant therapy might be particularly high in individuals who have had recent surgery, cerebral aneurysms, and other conditions.",Women who are pregnant or breastfeeding,9.737375259399414,0.0,0.0,0.2,0.08000000000000002
How does electrolyte imbalance contribute to long QT syndrome?,"Electrolyte imbalances, particularly low potassium or magnesium levels, can prolong the QT interval.",Electrolyte imbalances can exacerbate the underlying genetic abnormalities of the heart's electrical system.,6.529042720794678,0.2770343144883168,0.45666735912532014,0.4,0.39807380654779145
What aspect of blood flow to the lungs can be observed on a chest X-ray?,The appearance of blood flow to the lungs.,The presence or absence of pulmonary veins.,3.3083181381225586,0.0,0.6405356736556975,0.6,0.49621426946227903
What is the distinguishing feature of antidromic AVRT on ECG?,Antidromic AVRT is characterized by a wide QRS complex (>120 ms) due to the involvement of an accessory pathway.,It shows a non-classic P wave and a non-classic QRS complex.,3.551802396774292,0.17359620970976103,0.3743234201937853,0.4,0.34444861001946636
How is infective endocarditis diagnosed?,Diagnosis is suspected based on symptoms and supported by blood cultures or ultrasound of the heart.,Through echocardiography showing vegetations (protruding vegetations) and other signs of inflammation.,14.041120529174805,0.0,0.45839310929947336,0.8,0.5033572437197894
What is the potential risk of using traditional Chinese herbal products (THCP) for angina?,"Evidence does not support their use, and they may pose risks.",Traditional Chinese herbal products have not been adequately studied for their safety and effectiveness.,10.56335735321045,0.16152760618688944,0.38160112515241346,0.8,0.5049459712983433
Can troponin be used to diagnose myocarditis?,"Yes, as part of the diagnostic criteria.","Yes, it can be used to diagnose myocarditis.",5.405928134918213,0.0,0.4480815398560266,0.9,0.5392326159424107
What is the effect of ACE inhibitors on the vasculature?,They can reduce vascular resistance.,They can improve it.,3.4292590618133545,0.2731227401906652,0.250741595661472,0.8,0.47492118630272195
"According to the guidelines, what is the role of stenting in the context of coronary artery bypass surgery?","Stenting may be used as an adjunct to coronary artery bypass surgery in certain cases, such as for small vessel disease or as a bridge to definitive surgery.",To keep the artery open after angioplasty.,8.572150230407715,0.09715774834826611,0.45976469724703534,0.4,0.3633374285684674
What is the most common symptom of Brugada syndrome?,Syncope or sudden cardiac death.,Syncope or cardiac arrest.,2.0375514030456543,0.5551619016142944,0.8594603494563469,0.6,0.6948165201053976
Did the team receive financial support for their research?,"No, they faced a lack of financial backing and grants.","No, the team did not receive any funding for this research.",45.07202911376953,0.0,0.5316514875846882,0.9,0.5726605950338753
How prevalent is idiopathic ventricular fibrillation in ventricular fibrillation resuscitations in patients under the age of 40?,Idiopathic ventricular fibrillation accounts for 14% of all ventricular fibrillation resuscitations in patients under the age of 40.,Idiopathic ventricular fibrillation occurs in ventricular fibrillation resuscitations in patients under the age of 40 about as often as any other type of cardiac arrhythmia.,1.4180324077606201,0.6107201609307386,0.892011271314632,0.8,0.7989485407120006
Is defibrillation necessary in all cases of ventricular tachycardia?,"Not always, depending on the duration and severity of the episode, other treatments may be sufficient.","No, defibrillation is not always necessary if the rhythm is benign.",5.376487731933594,0.19088082302654658,0.36228037009983993,0.7,0.4630883126452453
What does an ECG typically indicate in patients with aortic regurgitation?,Left ventricular hypertrophy.,Left ventricular hypertrophy or dysfunction.,2.4692413806915283,0.8539694410867836,0.9184706655037036,0.9,0.8981821544188382
"What might be observed in a patient with a small, asymptomatic VSD?",No need for intervention.,No symptoms or signs of heart disease.,6.154368877410889,0.0,0.1143262597544137,0.5,0.24573050390176548
What are the common symptoms of aortic dissection?,"Common symptoms include a sudden onset of agonizing chest or back pain, often described as 'tearing' in character, vomiting, sweating, and lightheadedness.","Severe chest pain with or without radiation to the back, neck, or jaw; shortness of breath; weakness; loss of consciousness; and sudden death.",7.6141276359558105,0.25769105278985177,0.6272746624827717,0.7,0.582448075551079
How is Long QT Syndrome typically diagnosed?,"LQTS can be diagnosed using an electrocardiogram (EKG) if a corrected QT interval of greater than 450–500 milliseconds is found, but clinical findings, other EKG features, and genetic testing may confirm the diagnosis with shorter QT intervals.","Diagnosis is made through ECG findings, genetic testing for LQTS genes, and sometimes cardiac catheterization.",8.296159744262695,0.338352363479082,0.7799934227909749,0.8,0.6996678418122064
What causes obstructive shock in massive pulmonary embolism?,"Obstructive shock in massive pulmonary embolism is caused by sustained low blood pressure, slowed heart rate, or pulselessness.",Obstruction of the pulmonary blood vessels by embolized thrombi or clots from other sites.,4.938456058502197,0.14888198077844142,0.5237467495203779,0.7,0.5192750959638395
What role does interleukin 17 play in hypertension?,"It has garnered interest for its role in increasing the production of several other immune system chemical signals thought to be involved in hypertension such as tumor necrosis factor alpha, interleukin 1, interleukin 6, and interleukin 8.",Interleukin-17 has been implicated in the development of hypertension.,18.316999435424805,0.15841936901460701,0.5831523744933303,0.9,0.6249448236002536
What do beta blockers act as?,\u03b2-adrenergic receptor antagonists.,"Beta blockers are used to treat various conditions including hypertension, angina pectoris, arrhythmias, and glaucoma.",15.712498664855957,0.0,0.35063457040435053,0.5,0.3402538281617402
What are the diagnostic criteria for heart failure according to the National Institute for Health and Care Excellence in the UK?,Measuring N-terminal pro-BNP (NT-proBNP) followed by an ultrasound of the heart if positive.,"Symptoms of shortness of breath, fatigue, swelling in the legs, ascites, asciform ribs, rapid or irregular heartbeat, and abnormal exercise tolerance tests.",6.007711410522461,0.0,0.20336106215850824,0.4,0.24134442486340335
Which organization published an official scientific statement advocating for V̇O2 max to be categorized as a clinical vital sign?,American Heart Association,European Society of Cardiology Scientific Statement,15.136195182800293,0.0,0.39538432989657146,0.8,0.47815373195862865
Why might a patient with heart failure also receive mineralocorticoid receptor antagonists?,To reduce sodium and water retention and improve renal function.,To manage secondary hyperkalemia.,8.10280990600586,0.0,0.3590760004581876,0.5,0.34363040018327506
What might a child with cyanosis suggest?,It could be a sign of a congenital heart defect.,It could be a sign of a need for immediate medical attention.,1.4621843099594116,0.4277219854515767,0.601187530057601,0.8,0.6460194091133558
Do rates of PE increase with age?,They become more common as people get older.,"Yes, the incidence of PE increases with increasing age.",8.233381271362305,0.0,0.4422245546339544,0.9,0.5368898218535818
What are the causes of Group II pulmonary hypertension secondary to left heart disease?,"Causes include left ventricular systolic dysfunction, left ventricular diastolic dysfunction, valvular heart disease, congenital or acquired left heart inflow/outflow tract obstruction, congenital or acquired pulmonary venous stenosis.","Causes include left ventricular hypertrophy, diastolic dysfunction, and thromboembolic complications such as stroke or embolization.",9.6380033493042,0.3685530217311849,0.8417348274991969,0.4,0.5704045353459158
What is the re-entry mechanism in the context of long QT syndrome?,"According to this model, the action potential prolongation occurs to a variable extent in different layers of the heart muscle, with longer action potentials in some layers than others.",The abnormal heart rhythms that can occur due to prolonged ventricular repolarization,24.830615997314453,0.042939487598545656,0.35535945775038785,0.2,0.2307316806198643
Which class of medications is preferred for angina treatment?,"Beta blockers, specifically B1 adrenergic blockers without intrinsic sympathomimetic activity.",Nitrates.,91.03875732421875,0.0,0.17301100332874916,0.4,0.22920440133149972
What are some pro-inflammatory cytokines that can stimulate BNP synthesis?,"Interleukin-1β, interleukin-6, and tumor necrosis factor-α are pro-inflammatory cytokines that can stimulate BNP synthesis.","Interleukin 1β (IL-1β), Transforming growth factor beta (TGFB2), and interleukin 6 (IL-6).",1.1864756345748901,0.30885935510987717,0.4933077743650303,0.8,0.5790949807679877
What is the association between statin effect size and LDL cholesterol reduction?,"The association between statin effect size and LDL cholesterol reduction was unclear, and there was significant clinical and statistical heterogeneity between trials.","Larger the drug's effect size, the greater the LDL cholesterol reduction.",12.367898941040039,0.3710833602634615,0.6339104288344042,0.4,0.487780843586454
What are SVTs generally considered to be in terms of severity?,Most SVTs are unpleasant rather than life-threatening.,They are usually benign.,23.228721618652344,0.0,0.27924216673631963,0.9,0.4716968666945279
What does the presence of fatty streaks in the coronary arteries indicate?,Early stage of atherosclerosis.,It indicates that the person has not had coronary artery disease before.,21.692901611328125,0.0,0.40435521838782723,0.4,0.32174208735513093
What is the gender distribution of microvascular angina?,"Females are more likely than males to have it; however, hormones and other risk factors unique to females may play a role.",More common in males (1:1 or 2:1 ratio).,22.636049270629883,0.22547571181544535,0.5238565993073702,0.4,0.4146377820860372
What are the symptoms commonly associated with severe aortic regurgitation as mentioned in the references? ,"Common symptoms include dyspnea on exertion, orthopnea, paroxysmal nocturnal dyspnea, and peripheral edema.","Symptoms include dyspnea on exertion, cyanosis, and congestive heart failure.",1.4818207025527954,0.44523606559237333,0.734127942685717,0.6,0.6226983901927615
Are these symptoms directly caused by hypertension?,These symptoms might be related to associated anxiety rather than the high blood pressure itself.,"No, they are not directly caused by hypertension but rather result from it.",6.932729721069336,0.12225175730546163,0.5154034264741368,0.9,0.5906117220507472
When does purple toe syndrome typically develop with Warfarin?,Purple toe syndrome typically develops three to eight weeks after initiation of Warfarin therapy.,It usually develops 2–3 months after the initial administration of Warfarin.,3.5951731204986572,0.347748079827147,0.5842736690123208,0.7,0.5832590835703577
What are some potential long-term complications following surgery for Tetralogy of Fallot?,"Residual post-surgical defects such as pulmonary regurgitation, pulmonary artery stenosis, residual VSD, right ventricular dysfunction, right ventricular outflow tract obstruction may affect life expectancy and increase the need for reoperation.","Right ventricular failure, Eisenmenger syndrome, and pulmonary hypertension.",13.253870010375977,0.17977401170203403,0.5043968410608233,0.4,0.39771353876473614
What is a ventricular septal defect (VSD)?,"A ventricular septal defect (VSD) is a defect in the ventricular septum, the wall dividing the left and right ventricles of the heart.",A ventricular septal defect is a hole that allows blood to flow between the two ventricles of the heart.,2.304710865020752,0.49653890788369376,0.7482553517795384,0.9,0.7586099222885542
Have randomized controlled trials found foods containing natural statins to reduce cholesterol?,"Yes, randomized controlled trials have found these foodstuffs to reduce circulating cholesterol.","Yes, several randomized controlled trials have shown that consumption of foods rich in natural statins (such as avocados, dark leafy greens, and nuts) is associated with lower blood levels of LDL cholesterol.",13.93667221069336,0.37511317113344644,0.6663111683727307,0.9,0.7015471015757817
What was the leading cause of death globally as of 2010 due to coronary artery disease (CAD)?,Coronary artery disease (CAD) was the leading cause of death globally resulting in over 7 million deaths.,Coronary artery disease (CAD),3.46774959564209,0.3814785665311227,0.6747405425063876,0.8,0.6661919303087797
What is the function of troponin in muscle cells?,Troponin is attached to the protein tropomyosin and lies within the groove between actin filaments in muscle tissue.,It binds calcium ions (Ca2+) to produce conformational changes in the troponin complex.,14.254926681518555,0.11427757534004017,0.5943814151195268,0.4,0.4206080811158188
Can anticoagulant therapy contribute to cardiac tamponade?,"Rarely, anticoagulant therapy can lead to cardiac tamponade.","Yes, it can lead to cardiac tamponade if used inappropriately.",4.59699010848999,0.5785624476548378,0.6656014034719422,0.9,0.7419530509197445
What is a non-pharmacological intervention that can benefit patients with HFPEF?,"Lifestyle modifications such as weight loss, exercise, and dietary changes can be beneficial.",Exercise training.,3.565088987350464,0.18152926060089272,0.43015075411503,0.8,0.5283661537661906
What percentage of aortic dissections in women occur during pregnancy?,Half of all aortic dissections occur during pregnancy.,About 30%,2.4805095195770264,0.0,0.1150993260646677,0.4,0.20603973042586712
What are some clinical prediction rules used to assess prognosis in acute heart failure?,"Some clinical prediction rules include the EFFECT rule, ADHERE Tree rule, and BWH rule.","A simple score, the New York Heart Association (NYHA) risk categories, and the Venturi Score.",89.9007568359375,0.0,0.3585788894637458,0.2,0.22343155578549834
What is a key difference between HFPEF and heart failure with reduced ejection fraction (HFRFE)?,"In HFPEF, ejection fraction remains normal while in HFRFE, it is reduced.",HFPEF does not require the use of medications or mechanical devices to improve cardiac function.,8.368012428283691,0.12897393918641065,0.4410620507878027,0.4,0.3622196081524032
What echocardiographic pattern is considered the mildest form of diastolic dysfunction?,"Grade I diastolic dysfunction, also called an 'abnormal relaxation pattern'.",Echocardiography shows normal cardiac function with no evidence of diastolic dysfunction.,11.003098487854004,0.2230050306324274,0.3778667334199314,0.4,0.35574769949445806
What condition can cause tricuspid regurgitation through infective endocarditis?,Infective endocarditis can cause primary tricuspid regurgitation by directly damaging the tricuspid valve.,Infective endocarditis.,3.2596116065979004,0.40717927270484033,0.6092939307867431,0.8,0.6451534268556653
What echocardiographic finding is indicative of aortic regurgitation?,Visible jet of blood flowing back from the aorta into the left ventricle.,Aortic regurgitation is indicated by the presence of an increase in the size of the left ventricle cavity (ventricular dilatation) and/or an increase in the thickness of the left ventricular wall.,4.1473212242126465,0.1716534819438789,0.5202423283795923,0.4,0.40242762774061275
What is the definition of hemodynamic instability in WPW patients?,"Hypotension with a systolic blood pressure (SBP) < 90 mm Hg or a sudden drop in the SBP by > 40 mm Hg, along with symptoms such as chest pain, palpitations, shortness of breath, confusion, delayed capillary refill, acute drop in urinary output, lethargy with a change in mentation, or altered mental status and disorientation.","Hemodynamic instability is defined as any change in vital signs or symptoms that occur during an episode of ventricular tachycardia or fibrillation, indicating reduced cardiac output and/or poor perfusion of vital organs.",3.2947778701782227,0.13684455993099037,0.4215018056637022,0.4,0.355969634251679
How does smoking contribute to coronary artery disease?,It damages the lining of the arteries and promotes plaque buildup.,"Smoking contributes to coronary artery disease through its negative effects on blood vessels, leading to reduced elasticity and increased risk of thrombosis.",6.472122669219971,0.0,0.5071951923620704,0.6,0.44287807694482817
How common is DCM in adults?,"The most recent figures indicate that about 3 per 1,000 men and 1 per 1,000 women are affected.","About 100,000 adult patients are affected each year.",1.9729143381118774,0.31122994490794526,0.6160907767576138,0.2,0.3886822996846346
Which diagnostic test might support a diagnosis of myocarditis?,"A diagnosis may be supported by an electrocardiogram (ECG), increased troponin, heart MRI, and occasionally a heart biopsy.",Cardiac MRI or echocardiography.,11.42049503326416,0.0,0.536304884889761,0.8,0.5345219539559045
What type of atrial septal defect accounts for 7% of all congenital heart lesions?,Ostium secundum atrial septal defect.,Right-to-left shunt type.,8.27284049987793,0.0,0.11204371395240724,0.4,0.20481748558096294
Are the rates of shock/death in Takotsubo cardiomyopathy comparable to those of acute coronary syndrome?,"No, contemporary observations show that patients with acute complications may co-occur with TTS, but this does not imply that rates of shock/death of TTS are comparable to those of acute coronary syndrome.",Takotsubo cardiomyopathy has a lower mortality rate than acute coronary syndrome.,20.190473556518555,0.190200195425923,0.46739975846825055,0.5,0.42499994247248485
At what age is surgical repair typically performed for Tetralogy of Fallot?,Surgery is usually performed within the first year of life,Surgical repair is usually done between 18 months and 3 years of age.,2.9544692039489746,0.14100590699513454,0.6661101319894667,0.4,0.4546452341948136
When do signs and symptoms typically manifest in a VSD patient?,It usually manifests a few weeks after birth.,Signs and symptoms usually appear later in life when the defect is larger than 2 cm or 3 mm in diameter.,12.392391204833984,0.1109532527931224,0.30400947338550716,0.4,0.3037944399128274
What are the most common adverse side effects of anticoagulants?,"The most common adverse side effects are increased risk of bleeding, both nonmajor and major bleeding events.",The most common adverse side effects include bleeding (both internal and external) and thrombotic disorders such as deep vein thrombosis or pulmonary embolism.,8.643412590026855,0.5656239687439062,0.7842243305504094,0.8,0.7468145259689452
What is the approximate risk of stroke associated with TAVI?,There is a ~3% risk of stroke associated with TAVI due to embolism or altered hemodynamics during or after the procedure.,The risk of stroke is less than that of surgery.,11.698626518249512,0.21557930811692122,0.5272507948922229,0.4,0.4140161795802735
What are the primary components of atheromatous plaques?,"Atheromatous plaques consist of lipid cores, fibrous tissue, and calcifications.","The primary components include fibrous tissue, collagen, and fat.",23.447362899780273,0.32498941136950543,0.4801379497883763,0.6,0.4970530621892516
What is the mortality rate for people with abdominal aortic aneurysm rupture according to one review?,One review stated that up to 81% of people having abdominal aortic aneurysm rupture will die directly as a consequence thereof.,About 50%.,9.913286209106445,0.0,0.1723443265998253,0.8,0.3889377306399302
What is another heart disease where beta blockers are used?,Hypertrophic obstructive cardiomyopathy.,Atrial fibrillation.,11.276102066040039,0.0,0.28040260385329757,0.1,0.15216104154131904
What is another name for antiarrhythmic agents?,Cardiac dysrhythmia medications.,They can be called any term that describes drugs used to treat abnormal heart rhythms.,23.805130004882812,0.0,0.5744885831688457,0.5,0.4297954332675383
What is the cause of the excess connective tissue in the spongiosa layer?,"This is due to an excess of dermatan sulfate, a glycosaminoglycan.",The excessive collagen production from the hypertrophic chondrocyte differentiates this part of the ventricle into a fibrosa layer.,20.61357307434082,0.1186960712657312,0.2704135381031898,0.8,0.4519046294944222
Is further diagnostic coronary angiography routinely indicated after coronary stent implantation?,"No, further diagnostic coronary angiography is not routinely indicated after coronary stent implantation.","No, it is not routinely indicated unless there is evidence of restenosis or other complications.",1.3143919706344604,0.28687718616855573,0.465102432421244,0.9,0.6034164102022088
What do anticoagulants specifically inhibit?,Specific pathways of the coagulation cascade.,The coagulation process.,4.282658576965332,0.3113356171558118,0.8083097418285756,0.4,0.5455910201625926
What might be the reason for recommending surgery in asymptomatic patients with progressive LV dilatation?,To reduce the risk of sudden death.,To prevent further heart damage and reduce the risk of mortality.,1.5067641735076904,0.3273620824007837,0.7707814472101943,0.9,0.7337849953642345
What are some of the initial symptoms that might suggest myocarditis in children?,"Children primarily present with symptoms associated with a viral infection, including fever, rash, loss of appetite, abdominal pain, vomiting, diarrhea, joint pains, and easy fatigue.","Fatigue, loss of appetite, poor weight gain, and growth failure.",5.723804473876953,0.22039224261002718,0.48254324677767174,0.4,0.39709574723307417
Does atrial flutter always occur in individuals with cardiovascular disease?,"No, atrial flutter may occur spontaneously in people with otherwise normal hearts.","No, it can occur in people without cardiovascular disease.",4.84462833404541,0.2696025801349492,0.535304212200729,0.9,0.6280422009072815
What are the effects of calcium channel blockers on the heart's electrical conduction?,Calcium channel blockers can cause heart block if taken in excessive amounts.,Calcium channel blockers can have both positive and negative effects on the heart's electrical conduction system.,2.799182415008545,0.36368594825668465,0.78783271443145,0.9,0.747870275423917
Where does atrial flutter usually occur?,Atrial flutter usually occurs along the cavo-tricuspid isthmus of the right atrium.,Atrial flutter is most commonly seen in people with underlying heart disease such as coronary artery disease or high blood pressure.,12.876745223999023,0.16118216425086837,0.786931432627228,0.4,0.507009005901065
Is headache a common symptom of hypertension?,Some people with high blood pressure report headaches as a symptom.,"No, it is not typically considered a common symptom.",2.5895562171936035,0.18091975768032645,0.386786548649333,0.4,0.3508985709957985
What complication can occur following pericardiectomy?,Pericardial recurrence or formation of a pericardial fistula.,Pericardial effusion or recurrence of constrictive pericarditis.,8.34260368347168,0.53699779177963,0.6696574534176467,0.6,0.6152625397229847
What did a systematic review conclude about the rate of muscle pain associated with statin use compared to clinical trials?,"While clinical trial meta-analyses underestimate the rate of muscle pain associated with statin use, the rates of rhabdomyolysis are still 'reassuringly low' and similar to those seen in clinical trials (about 1–2 per 10,000 person years).",There was no significant difference between the placebo and treatment groups.,11.24763011932373,0.0,0.2195924798363952,0.4,0.2478369919345581
Are undocumented immigrants eligible for coverage options?,Uninsured undocumented immigrants are ineligible for coverage options due to their immigration status.,"No, undocumented immigrants are not eligible for coverage options.",5.321652412414551,0.6176742868056236,0.8500549154992726,0.9,0.8235568235608338
What is myocarditis?,Myocarditis is inflammation of the cardiac muscle.,"Myocarditis is inflammation of the myocardium, the muscular layer of the heart.",2.5318922996520996,0.4192915860669416,0.932680618508161,0.8,0.7769305646166528
How does a restrictive VSD differ in terms of murmur and palpable thrill?,Restrictive VSDs are associated with a louder murmur and more palpable thrill (grade IV murmur).,A restrictive VSD has a high-pitched sound (of the first heart sound) and is not palpable; it is usually absent with a palpable thrill.,9.455426216125488,0.443518196690968,0.7993359411280295,0.4,0.5684380157894054
What happens when the SA node fails to function properly?,A secondary pacemaker may take over the function of setting the pace.,"The heart's electrical conduction system goes awry, leading to arrhythmias such as atrial fibrillation or ventricular tachycardia.",15.924707412719727,0.0,0.31754642421720597,0.8,0.44701856968688247
What is the consequence of pulmonary hypertension in the context of an atrial septal defect?,"It causes the right ventricle to face increased afterload, forcing it to generate higher pressures to overcome the pulmonary hypertension.","It can lead to right-to-left shunting, where oxygenated blood bypasses deoxygenation, leading to cyanosis.",11.554495811462402,0.07527644890076711,0.49964787318850407,0.4,0.3749144390555551
How does myocarditis affect the respiratory system?,"Later stages of the illness can involve the respiratory system leading to increased work of breathing, which is often mistaken for asthma.","It can lead to pulmonary edema or right-to-left shunting of blood through the mitral valve, leading to cyanosis.",7.275637149810791,0.07463380779978623,0.25849621403398043,0.9,0.47832524717354946
What is the pathophysiological mechanism of myocarditis?,"Inflammation of the myocardium, often due to viral or autoimmune processes",The inflammatory process leading to myocardial damage.,6.836223602294922,0.0,0.6599332421425619,0.8,0.5839732968570248
What additional health issues in cats might necessitate monitoring a blood pressure below 160 mmHg?,Kidney disease or retinal detachment.,Cats with underlying heart disease or kidney failure may require monitoring of their blood pressure below 160 mmHg.,11.058150291442871,0.25765374359934173,0.16734642746134448,0.9,0.4784693197044062
How is blood flow measured during cardiac catheterization?,Most commonly using the Fick principle and thermodilution.,By measuring the pressure of the blood flowing through the vessels using a balloon catheter or dye injected into the blood vessels.,54.23343276977539,0.1273213432005472,0.2680440017914158,0.4,0.29268186935667584
What happens in the case of a large atrial septal defect (> 9 mm)?,"Blood shunts from the left atrium to the right atrium, causing a volume overload of both the right atrium and the right ventricle.","It can lead to Eisenmenger syndrome, characterized by right-to-left shunting and severe cyanosis",7.779417991638184,0.16642022561184988,0.4796540846490935,0.4,0.3851456789820074
What is the hallmark of atrial flutter on an ECG?,The presence of sawtooth F waves.,"Rapid, regular electrical activity originating from the atria.",139.603271484375,0.0,0.23612318181849495,0.4,0.25444927272739803
Which method is frequently used for proximal compression ultrasound due to its effectiveness?,Proximal compression ultrasound.,Transesophageal echocardiography (TEE).,2.925530195236206,0.0,0.42868829271198017,0.1,0.21147531708479209
"During physical examination, what is an elevated Jugular venous pressure (JVP) indicative of in constrictive pericarditis?",It is indicative of right-sided heart failure.,"It indicates that the pressure in the right atrium is greater than the left atrium, which can be seen with a widened QRS complex on ECG.",1.7423967123031616,0.10332957501079384,0.4851190176097225,0.4,0.3747135220460478
Are there any studies linking beta blockers with depression?,"Earlier studies found an association between beta blockers and depression, but more rigorous studies found no causal relationship of beta blockers with depression and regardless of lipid solubility.","There have been several small-scale studies suggesting a link between beta blockers and depression, but no large-scale controlled trials have found a significant increase in depressive symptoms.",15.240266799926758,0.3541352728645942,0.8260936958560013,0.9,0.7612645329153194
What symptom might be observed in a non-cyanotic Tetralogy of Fallot patient?,It is sometimes referred to as a 'pink tet',Cyanosis may be present.,247.6419219970703,0.0,0.12469366219962988,0.1,0.08987746487985196
How does the pain of pericarditis change with body position?,"The pain is usually relieved by sitting up or bending forward, and worsened by lying down (both recumbent and supine positions).",It is aggravated by lying down or bending over,5.185721397399902,0.3570840816056947,0.6161855331588221,0.4,0.4778910295846678
Which blood tests have not been found to be particularly useful in diagnosing infective endocarditis?,C-reactive protein (CRP) and procalcitonin have not been found to be particularly useful.,Most blood tests have not been found to be particularly useful in diagnosing infective endocarditis.,2.9112441539764404,0.5357354504876743,0.2575071275539528,0.8,0.5301499411191161
"What arteries supply blood to the brain and neck, and what are their symptoms of marked narrowing?","Carotid arteries supply blood to the brain and neck. Marked narrowing of the carotid arteries can present with symptoms such as a feeling of weakness; being unable to think straight; difficulty speaking; dizziness; difficulty in walking or standing up straight; blurred vision; numbness of face, arms and legs; severe headache; and loss of consciousness.",The arteries supplying blood to the brain and neck are the carotid arteries. Marked narrowing of these arteries can cause stroke symptoms such as paralysis or loss of consciousness.,11.794243812561035,0.4442920063887142,0.8172807242620665,0.9,0.7757706909825696
What might a physician observe during physical examination in a patient with cardiac tamponade?,Muffled heart sounds or distant heart sounds.,Tachycardia and hypotension.,23.509647369384766,0.0,0.35595088674894043,0.1,0.1823803546995762
What is the alternative treatment to indomethacin for patent ductus arteriosus in neonates?,Ibuprofen is an alternative treatment option.,Indomethacin is not recommended as an alternative due to its side effects and limited effectiveness.,8.865579605102539,0.2721977002365272,0.4844196489829594,0.8,0.5682073996404893
What type of heart failure can develop in chronic aortic regurgitation?,"In chronic aortic regurgitation, heart failure can develop due to the resulting cardiac remodeling.",Heart failure.,8.094768524169922,0.30804204349533526,0.39388291378000445,0.4,0.3791615742110689
What complications might arise from myocarditis?,"Complications may include heart failure, due to dilated cardiomyopathy or cardiac arrest.","Complications may include heart failure, arrhythmias, and sudden cardiac death.",5.616950988769531,0.5684061415264418,0.8342651672400379,0.8,0.7673872952013037
What regulates the processing of proBNP?,Processing of proBNP may be regulated by O-glycosylation of residues near the cleavage sites.,The liver.,25.055662155151367,0.0,0.044242800220125444,0.1,0.05769712008805018
What is the weight and thickness of current ICDs?,Current ICDs weigh only 70 grams and are about 12.9 mm thick.,The weight is about 10 pounds (4.5 kilograms) and the thickness is about 2 inches (5 cm).,8.195910453796387,0.16951917723926246,0.4284390326479955,0.8,0.5252794485070508
What body condition is advised to reduce the risk of atherosclerosis?,Maintaining a normal weight.,Weight loss through diet or exercise programs.,5.913036346435547,0.24723097388043422,0.5065887012918122,0.8,0.5720816752928117
What role do beta-blockers play in the management of takotsubo cardiomyopathy?,They may help reduce sympathetic overactivity and prevent future episodes.,They may be used to manage symptoms such as chest pain and shortness of breath but are not considered essential for treatment.,7.414639949798584,0.0846866010487543,0.5447832342420199,0.8,0.5548506139065589
Can you identify any ongoing controversies in myocarditis diagnosis?,"There are ongoing controversies in myocarditis diagnosis, classification, and treatment.","Yes, there is controversy over whether myocarditis can be caused by viral infections or bacterial infections.",4.250062465667725,0.2818175124508943,0.7392950161327001,0.6,0.592081508943259
What new or worsened symptoms might indicate a need for medical attention after TAVI?,"New or worse post-procedure symptoms that require attention include dizziness or light-headedness, swelling of the ankles, sudden weight gain, extreme fatigue with activity, and signs of infection.","Chest pain, shortness of breath, palpitations, fainting, leg swelling, or abdominal pain.",37.41604232788086,0.07056515565404405,0.426010688497005,0.8,0.5045173065296109
What lifestyle factor is linked to metabolic syndrome?,Sedentary behavior or low physical activity is linked to metabolic syndrome.,Inactivity.,3.195063829421997,0.0,0.2306939469072306,0.8,0.4122775787628923
What is the nature of mitral valve prolapse according to the consensus?,It is a non-preventable condition.,"It is a normal, benign disorder.",11.723465919494629,0.0,0.30174158257218725,0.4,0.28069663302887493
What are the non-specific signs that can support the diagnosis of FH?,Xanthelasma and corneal arcus.,Xanthelasma and corneal arcus.,1.0897846221923828,1.0,0.9999998121155297,0.9,0.9599999248462119
How is the ventricular rate determined in atrial flutter?,"The ventricular rate is determined by the number of atrial impulses conducted through the AV node, typically resulting in a rate of 140–150 beats per minute.",The ventricular rate is determined by counting the number of heartbeats per minute (bpm).,4.060475826263428,0.5473229025419885,0.7911800015268745,0.4,0.5859365811191475
What equipment must be avoided by patients with an ICD?,"Equipment using magnets or generating magnetic fields, or any similar environment.",Pacemaker batteries,143.12452697753906,0.0,0.15093910294810148,0.6,0.3003756411792406
What is catheter ablation?,Catheter ablation is a medical procedure where a catheter is inserted into the heart to destroy the tissue causing the abnormal rhythm.,A procedure where catheters are inserted into blood vessels to identify and destroy abnormal tissue causing arrhythmias.,4.263411045074463,0.6223443353965218,0.6106964883578327,0.8,0.6887474624224376
What occurs during each successive diastolic period in cardiac tamponade?,Less blood enters the ventricles.,"The pressure in the left ventricle decreases, leading to a decrease in cardiac output and subsequently a decrease in blood pressure.",9.555947303771973,0.09598538008754619,0.6648080299818523,0.4,0.4451202880102502
What is the preferred method for diagnosing a pulmonary embolism?,CT pulmonary angiogram (CTPA).,CT pulmonary angiography.,3.4367897510528564,0.3146796093614317,0.8277717546887665,0.9,0.754044623747793
How does previous venous thromboembolism (VTE) affect the risk of future VTE?,"It is a strong risk factor, especially if it was unprovoked.",It increases the risk due to the need for further interventions like surgery or catheterization.,11.341686248779297,0.11927053551037461,0.32905873199651864,0.8,0.47547759990068245
What is considered an additional risk factor for ischemic heart disease in FH patients?,High level of lipoprotein(a).,A family history of coronary artery stenosis or myocardial infarction,21.294635772705078,0.0,0.14272886473501809,0.5,0.25709154589400723
Is stenosis a common occurrence in atherosclerosis?,"No, stenosis is a late event, which may never happen and is often the result of repeated plaque rupture and healing responses, not just the atherosclerotic process.","Yes, it is a common occurrence.",17.04154396057129,0.0,0.24627902635010807,0.8,0.41851161054004327
What is the severity grading system for tricuspid regurgitation?,"Severity is graded from mild (small amount of regurgitation), moderate (moderate amount of regurgitation), to severe (large amount of regurgitation).",The severity can be graded as mild to critical depending on the extent of the regurgitation and the underlying cause.,3.433962821960449,0.44324130658716404,0.8288045556222267,0.9,0.7801700835663236
What activities might be restricted for individuals with a history of myocardial infarction?,Driving a car or flying an airplane.,"Activities that put the heart at risk include contact sports such as football, hockey, rugby, soccer, basketball, ice hockey, boxing, wrestling, skiing, snowboarding, and cycling, and any activity where there is a risk of falling or being thrown from a height.",21.098602294921875,0.0,0.22192299880649521,0.8,0.40876919952259816
Can beta blockers be used by athletes in competitive events?,The use of beta blockers by athletes is controversial and generally prohibited by sports organizations due to their potential to enhance performance.,"Yes, they can be used to meet weight categories.",3.8343474864959717,0.0,0.19439134794519208,0.4,0.23775653917807688
How do many subsequent genetic mutations associated with Brugada syndrome affect the heart muscle cells?,"Many of the genetic mutations that have subsequently been described in association with Brugada syndrome influence the sodium current in some way, or affect other ionic currents.",They lead to abnormal protein production or loss of function.,14.914368629455566,0.0,0.2925996878988435,0.4,0.27703987515953743
What condition in individuals who have undergone aortic valve replacement for aortic insufficiency increases the risk of aortic dissection?,Aortic regurgitation causing increased blood flow in the ascending aorta leading to dilatation and weakening of the walls,Aortic stenosis,9.807337760925293,0.12733645869365803,0.6185352789730535,0.2,0.35288140332795304
How does the AV node contribute to heart rhythm regulation?,"The AV node slows down the electrical impulse before it reaches the ventricles, allowing the atria to contract first.","The AV node acts as a 'gating mechanism', preventing certain abnormal rhythms from propagating while allowing others to pass through.",3.223104476928711,0.1696926553553208,0.6370220461758652,0.4,0.44874734954141027
What does primary tricuspid regurgitation refer to?,Primary tricuspid regurgitation refers to defects in the tricuspid valve itself.,Primary tricuspid regurgitation refers to the regurgitation of blood from the right ventricle into the left atrium.,1.6718518733978271,0.4676685100050818,0.8067345810574,0.2,0.4962275344239764
What might a restrictive VSD be characterized by?,A louder murmur and more palpable thrill.,A normal-sized ventricular septum but an abnormally sized pulmonary valve,5.69734001159668,0.0,0.1656506918313281,0.4,0.2262602767325313
What specific conditions necessitate more aggressive treatment in Takotsubo cardiomyopathy?,If patients experience heart failure or acute hypotension and shock.,"Those with a history of cancer, heart failure, or coronary artery disease.",64.59895324707031,0.23007590683814386,0.40431504242525285,0.4,0.36774119833772995
What technique is used to assess blood flow through the heart during echocardiography?,"Doppler echocardiography, using pulsed- or continuous-wave Doppler ultrasound.",Transthoracic echocardiography.,16.622173309326172,0.25986172011071185,0.5056024957069964,0.8,0.574213342304941
When might a VSD be treated surgically?,If it is large or causing symptoms.,"If the defect is severe or recurrent, surgical repair may be necessary.",5.806368827819824,0.0,0.2946900905158487,0.8,0.4378760362063395
How is a small PDA typically associated with in terms of heart size and blood flow?,A small PDA is generally accompanied by a normal-sized heart and normal blood flow to the lungs.,A small PDA is usually associated with a normal-sized heart and normal blood flow through it.,1.9200170040130615,0.6075804062817994,0.9496362525340135,0.9,0.8613705822699653
What are some risk factors for atherosclerosis?,"Risk factors include abnormal cholesterol levels, elevated levels of inflammatory biomarkers, high blood pressure, diabetes, smoking, obesity, genetic factors, family history, lifestyle habits, and an unhealthy diet.","Smoking, high blood pressure, diabetes, obesity, and lack of physical activity.",8.630064010620117,0.3448045516629311,0.6414124678506186,0.4,0.4855258974728337
What is the threshold for mitral stenosis based on valve area?,Any decrease in area below 2 cm2 causes mitral stenosis.,A valve area < 1 cm2 has a threshold of 50% for stenosis.,3.9375064373016357,0.42715745273542455,0.5712818336572357,0.4,0.47394422400997926
What does acute coronary syndrome often reflect in terms of coronary arteries?,A degree of damage to the coronaries by atherosclerosis.,Acute myocardial infarction (heart attack),67.72933959960938,0.0,0.5121189554199628,0.4,0.3648475821679852
Can hypertension cause fainting episodes?,Some people with high blood pressure report fainting episodes as a symptom.,"Yes, it can lead to episodes of dizziness or syncope.",6.32263708114624,0.15807379966178384,0.4667312342087017,0.9,0.5783072536158376
How is the Bethesda unit relevant to the diagnosis of coagulation disorders?,"The Bethesda unit is relevant to the diagnosis of coagulation disorders as it can help identify abnormalities in coagulation inhibitor activity, which is crucial for accurate diagnosis and treatment.","The Bethesda unit provides a standardized method for measuring coagulation inhibitor activity against an anticoagulant, which can be used to diagnose and monitor coagulation disorders.",2.3455262184143066,0.48056298107642964,0.8600065296116259,0.9,0.8001152080599364
What is the prevalence of Wolff-Parkinson-White syndrome?,Wolff-Parkinson-White syndrome affects about 2 per 1000 people.,It affects between 1 in 500 people.,2.2658016681671143,0.347654672036785,0.45807113794546706,0.8,0.5727593895855438
What does the size of the intracardiac shunt determine?,The development of signs and symptoms due to an ASD are related to the size of the intracardiac shunt. Individuals with a larger shunt tend to present with symptoms at a younger age.,The amount of blood that is shunted around to compensate for any blockages or stenosis in the coronary arteries.,7.1242780685424805,0.0,0.35641095318864685,0.4,0.3025643812754588
What is the goal of catheter ablation in Wolff–Parkinson–White syndrome?,To destroy the abnormal electrical pathway and restore normal heart rhythm,To terminate abnormal heart rhythms caused by tachycardia-bradycardia syndrome.,4.5634446144104,0.20124269013112386,0.6401396131922205,0.4,0.45630438330311296
What is the rationale behind recommending surgical repair for aortic enlargements smaller than 5.5 cm in individuals with connective-tissue disorders or a family history of aortic rupture?,To reduce the risk of dissection.,To prevent further complications and reduce the risk of rupture.,3.1168110370635986,0.37745029862428625,0.7087877762864622,0.9,0.7190051702394422
What improvements are seen in left-ventricle function after CABG?,Improvements in both systolic and diastolic functions.,Improved left ventricular function and reduced symptoms of heart failure.,3.3174474239349365,0.0,0.4058926456945428,0.9,0.5223570582778172
What is the recurrence rate of atrial flutter after treatment with ibutilide?,The rates of recurrence after treatment with ibutilide are quite high (70–90%).,About 10%,5.090166091918945,0.0,0.16196624605387813,0.9,0.4247864984215513
Which condition is linked to elevated cholesterol levels as a risk factor for aortic aneurysm?,High levels of cholesterol in the blood are a risk factor for aortic aneurysm.,Hypertension.,2.3389923572540283,0.0,0.3128485922348977,0.4,0.28513943689395915
What are the potential legal implications of classifying a myocardial infarction as an injury?,This can create coverage issues in the administration of no-fault insurance schemes such as workers' compensation.,It could lead to coverage issues for no-fault insurance schemes like workers' compensation.,1.8618890047073364,0.6891385992235571,0.8777804631339668,0.9,0.8489399050982982
What causes damage to the valves and endocardium?,"Damage to the valves and endocardium can be caused by: Altered, turbulent blood flow. Altered blood flow is more likely in high-pressure areas, so ventricular septal defects or patent ductus arteriosus can create more susceptibility than atrial septal defects. Catheters, electrodes, and other intracardiac prosthetic devices. Solid particles from repeated intravenous injections. Chronic inflammation. Examples include auto-immune mechanisms and degenerative valvular lesions.",The cause of this damage is largely unknown but is believed to be due to a combination of genetic factors and environmental factors.,14.296825408935547,0.03703178632864929,0.4728609963676295,0.4,0.35655075581278173
Can DVT cause cyanosis?,"Yes, DVT can cause a blue or purplish discoloration (cyanosis).","Yes, DVT can cause cyanosis due to the blue discoloration of the skin and mucous membranes.",6.826308250427246,0.7647667187970896,0.8821915521004575,0.9,0.865829964599601
What condition can be diagnosed using coronary catheterization?,Coronary catheterization can diagnose coronary artery disease and myocardial infarctions ('heart attacks').,Coronary artery disease.,7.481985092163086,0.46534338029872807,0.6475468958072266,0.8,0.6720874343826363
In which journal can one find information about optimal medical therapy with or without PCI for stable coronary disease?,New England Journal of Medicine.,The Lancet,2.5398592948913574,0.0,0.4101725599866577,0.8,0.4840690239946631
What role do social determinants play in myocardial infarction risk and survival?,"Social determinants such as neighborhood disadvantage, immigration status, lack of social support, social isolation, and access to health services play an important role in myocardial infarction risk and survival.","Social determinants such as poverty, lack of access to healthcare, and poor living conditions can increase the risk of myocardial infarction.",8.48450756072998,0.48713141142548644,0.868916825361197,0.8,0.7649930124295762
How does the mitral valve contribute to outflow obstruction in hypertrophic cardiomyopathy?,The pulling of the mitral valve leaflets towards the septum contributes to the outflow obstruction.,The mitral valve contributes to outflow obstruction by being stenosed or calcified.,4.6889262199401855,0.6193034325326405,0.821846504775804,0.1,0.49259928841684975
When did the concept of cardiac remodeling originate?,Initially developed to describe changes that occur in the days and months following myocardial infarction.,The concept of cardiac remodeling originated in the late 19th century with Carl Julius Rothberger who described it as a normal physiological response to heart failure.,14.839871406555176,0.0,0.4008843972531541,0.4,0.3203537589012617
What does pleuritic pain suggest in the context of aortic dissection?,Acute pericarditis caused by bleeding into the sac surrounding the heart.,It suggests chest pain caused by inflammation and irritation of the tissues around the aorta.,12.473945617675781,0.15345879218744835,0.5037150709461155,0.1,0.27217778681593585
When are antibiotics prescribed for TAVI patients?,Antibiotics are prescribed for use before certain dental procedures.,They are not routinely recommended unless there is evidence of osteomyelitis or osteitis secondary to infection.,37.699371337890625,0.0,0.46313791239936675,0.2,0.2652551649597467
Can an atrial septal defect lead to arrhythmias?,"Yes, due to abnormal electrical conduction between the atria.","Yes, it can sometimes lead to arrhythmias such as supraventricular tachycardia or ventricular tachycardia.",5.250551700592041,0.0,0.3893455038212883,0.9,0.5157382015285153
What does the Bethesda unit measure?,The Bethesda unit measures blood coagulation inhibitor activity.,The Bethesda unit measures the rate of heart muscle contraction.,2.57826828956604,0.4751830177481123,0.45585075058906477,0.4,0.4373769037852484
Is there a need for invasive procedures in the management of takotsubo cardiomyopathy?,"Invasive procedures are not typically required, as the condition is usually managed with conservative measures.","No, non-surgical management is preferred unless there are contraindications or complications arise.",5.202706813812256,0.0,0.6467600356454417,0.9,0.6187040142581768
Can the ECG always show signs of left atrial enlargement and left ventricular dilatation in individuals with chronic mitral regurgitation?,"No, it may not show these findings in the setting of acute MR.","No, this may not be apparent due to the underlying pathology.",5.343626022338867,0.0,0.5464679942875605,0.9,0.5785871977150243
Which vasoactive agents are not typically recommended for patients with left heart failure or hypoxemic lung diseases?,"Prostanoids, phosphodiesterase inhibitors, or endothelin antagonists.",Vasodilators such as nitroglycerin may worsen the hypoxemic state of these patients.,7.505563735961914,0.0,0.2266058000311763,0.2,0.17064232001247054
What does secondary pulmonary hypertension refer to?,"Secondary pulmonary hypertension refers to conditions resulting from other, non-vascular causes.","Secondary pulmonary hypertension refers to conditions that cause the narrowing of an artery in the lungs, such as lung cancer or sarcoidosis.",4.689761161804199,0.44959841587841326,0.8942016284698582,0.4,0.607600334563626
What is the estimated 5-year mortality rate for patients with intermittent claudication?,'5-year mortality rate is estimated to be 30%'.,The estimated 5-year mortality rate is about 10%.,2.6584324836730957,0.9064865639013236,0.8864004773768622,0.7,0.8158575037310096
What are some standard catheter positions for an EP study?,"""High right atrium"" or hRA near the sinus node, a ""His"" across the septal wall of the tricuspid valve to measure bundle of His, a ""coronary sinus"" into the coronary sinus, and a ""right ventricle"" in the apex of the right ventricle",A supine or sitting position with the patient lying on their side,39.42173767089844,0.0,0.24233442320939366,0.4,0.2569337692837575
What additional symptoms might accompany chest pain during coronary vasospasm?,"Nausea, vomiting, cold sweating, and syncope.","Sweating, nausea, or shortness of breath.",11.64872932434082,0.4547349973157464,0.7773492620117204,0.6,0.6418867042678374
What is another indirect mechanism thought to contribute to myocarditis in COVID-19 patients?,Indirect damage to the heart by inducing auto-immune mediated damage to the heart muscle.,The cytokine storm triggered by the virus may lead to cardiac damage through mechanisms not directly involving the endothelial barrier.,21.58548355102539,0.1142971750871025,0.569056028965272,0.8,0.5704818466035293
What recent discovery challenges the traditional understanding of unstable angina?,Recent discovery of sensitive troponin assays revealing rise of cardiac troponin in the bloodstream with episodes of even mild myocardial ischemia challenges the traditional understanding of unstable angina.,"Recent research has challenged the traditional understanding of unstable angina by showing that it is not caused by coronary artery disease but rather by a combination of factors including stress, cold weather, and smoking.",33.225006103515625,0.27784951458193186,0.3789450650233706,0.4,0.36714792892573467
What factors are considered in a cardiovascular risk assessment?,"Dyslipidemia, comorbid conditions, and lifestyle.","Age, sex, family history, lifestyle, social history, and physical examination findings.",15.259307861328125,0.18620317361182454,0.21258986905642352,0.6,0.3622765823449343
What are the classifications of heart diseases based on the risk of developing infective endocarditis (IE)?,"High, medium, and low risk.",Heart diseases can be classified into two groups: those that increase the risk of IE and those that decrease it.,2.5840015411376953,0.14283490549237804,0.2136030986908899,0.4,0.2740082205748316
What are the locations of β1-adrenergic receptors?,β1-adrenergic receptors are located mainly in the heart and in the kidneys.,"β1-adrenergic receptors are located in fat cells, liver cells, and muscle tissue.",2.209228277206421,0.5498252039585809,0.8933412428520137,0.4,0.6273015379325217
Where is PCI typically performed?,In a catheterization laboratory.,The most common sites for PCI are the coronary arteries that supply blood to the heart muscle.,11.267281532287598,0.0,0.2306669541716584,0.2,0.17226678166866338
How does popular media portrayal affect public understanding of heart attacks?,It contributes to widespread misunderstanding about the symptoms of myocardial infarctions.,Popular media portrayals can sometimes create unrealistic expectations or misunderstand the causes and consequences of heart attacks.,14.191450119018555,0.0,0.46249515962633286,0.7,0.4649980638505331
Can blackouts in Brugada syndrome occur even if the heart rhythm is normal?,"Yes, blackouts can occur in those with Brugada syndrome despite a normal heart rhythm, due to a sudden drop in blood pressure known as vasovagal syncope.","Yes, they can occur due to abnormal heart rhythms that occur without symptoms.",3.7805819511413574,0.13241621800542183,0.5149215028077142,0.4,0.39245184472417005
How do nitrovasodilators affect blood flow in the body?,"They increase blood flow by dilating blood vessels, thereby lowering systemic resistance.","Nitrovasodilators cause vasodilation by donating nitric oxide (NO), which dilates smooth muscle cells in blood vessels.",6.445731163024902,0.21414892492414664,0.4285283717136423,0.8,0.5342411336702864
How many deaths were caused by congenital heart defects in 2015?,"In 2015, they resulted in 303,300 deaths, down from 366,000 deaths in 1990.","About 43,000 deaths",2.3811724185943604,0.22712677154559052,0.6784423049691872,0.4,0.476802276296793
When might surgery be necessary for patent ductus arteriosus?,If medications fail to close the ductus arteriosus or if there are complications that require surgical intervention,If there is significant pulmonary hypertension or other severe complications arise.,4.411917209625244,0.2141015009249961,0.3976834721601247,0.8,0.5218936890490491
What is the median survival time for pulmonary arterial hypertension (PAH) with treatment?,"Not directly stated, but implied to be longer than 2-3 years",About 2 years,11.03504753112793,0.23957148377044504,0.6123420431772291,0.4,0.4528511140249807
What is the incidence of VTE in populations over 85 years old annually?,It occurs in almost 1% of those ≥ aged 85 annually.,10%,18.943540573120117,0.0,0.17351613072725883,0.4,0.22940645229090356
When were the first clinically significant beta blockers synthesized?,"In 1964, James Black synthesized the first clinically significant beta blockers—propranolol and pronethalol.",1920s,23.760637283325195,0.0,0.04769760420370209,0.8,0.3390790416814809
What is the only known placebo-controlled trial examining the place of anticoagulants in the treatment of PE?,Barrit and Jordan's study.,The 2018 study published in Circulation which found that patients receiving anticoagulation had better outcomes overall.,312.8971252441406,0.21710561937845804,0.14663631372172267,0.9,0.4620756493643807
What are the two main types of pulmonary hypertension based on the 1973 classification?,"Primary PH (resulting from a disease of the pulmonary arteries) and secondary PH (resulting secondary to other, non-vascular causes).",The two main types are 'pulmonary arterial hypertension' and 'pulmonary capillary hemangiomatosis'.,12.940669059753418,0.10328726167350076,0.4413788553188747,0.6,0.43720899446225003
Which clinical trials have shown the superiority of ICDs over antiarrhythmic drugs?,"The SCD-HeFT, AVID, and MADITII trials have shown the superiority of ICDs over antiarrhythmic drugs.",Clinical trials conducted by the American Heart Association and the European Society of Cardiology have shown that ICD therapy is superior to antiarrhythmic drug therapy for patients with stable angina pectoris.,9.168593406677246,0.27978015844630993,0.6378878804433498,0.9,0.671111183866602
What is another possible complication of pericarditis besides cardiac tamponade?,Another possible complication is myocarditis.,Pericardial effusion leading to incarceration or perforation.,6.598116397857666,0.0,0.44071499685700594,0.2,0.2562859987428024
What is pitting edema?,"It is a sign of fluid retention that can be detected by applying pressure to the swollen area, which leaves an indentation.",Edema of the feet and legs.,17.56830596923828,0.0,0.27716328770016196,0.4,0.27086531508006484
What are the five medical conditions that define metabolic syndrome?,"Abdominal obesity, high blood pressure, high blood sugar, high serum triglycerides, and low serum high-density lipoprotein (HDL).","Hypertension, Type 2 diabetes mellitus, Abdominal obesity, Insulin resistance, and lipid abnormalities.",7.115474700927734,0.20704018686427464,0.7269964744731704,0.8,0.6522066271621232
What physiological process is primarily responsible for the development of peripheral edema in calcium channel blocker users?,The differential dilation of arterioles and precapillaries versus veins and postcapillaries.,Increased vascular resistance leading to fluid retention in tissues like the legs and feet,49.88695526123047,0.0,0.43542633084363447,0.5,0.3741705323374538
What is the normal pathway of electrical signals in the heart?,The sinoatrial node (SA node) produces an electrical signal which travels to the ventricles through the atrioventricular node (AV node).,"The normal pathway includes the sinoatrial node (SA node), which generates electrical impulses, the atrioventricular node, where the impulse is delayed, and the bundle of His, which transmits the impulse to the ventricles.",3.0814902782440186,0.4844727771291856,0.8091425084292801,0.8,0.7405515587975493
What are the three main types of primary pulmonary hypertension?,"Arterial plexiform, veno-occlusive, and thromboembolic.","Primary pulmonary hypertension (PH), thromboembolic pulmonary hypertension (PHTH), and work-level pulmonary arterial stenoses (WLPAS).",2.265167713165283,0.32657904821759987,0.3350585720442062,0.4,0.35933923846120247
What happens if the AV node is involved in maintaining the rhythm during SVT?,"If the AV node is involved, maneuvers slowing conduction through the AV node will terminate it.","If the AV node is involved in maintaining the rhythm during SVT, it can lead to sustained ventricular tachycardia.",15.562063217163086,0.21771457913890285,0.5103658054272183,0.6,0.4876892379986679
What is the sensitivity and specificity of CUS tests in diagnosing pulmonary embolism?,"Sensitivity of 41%, specificity of 96%.",CUS tests have high sensitivity (around 95%) but lower specificity (about 80%).,8.214632034301758,0.4765173252432425,0.5539935188625674,0.4,0.47690087259367553
What congenital heart defect is listed as a risk factor for aortic aneurysm?,Bicuspid aortic valve is a risk factor for aortic aneurysm.,Ventricular septal defects are listed as a risk factor for aortic aneurysm.,1.7905930280685425,0.5856230963984012,0.6585370726434637,0.4,0.5405394483370658
What are the traditional factors contributing to deep vein thrombosis according to Virchow's triad?,"Venous stasis, hypercoagulability, and changes in the endothelial blood vessel lining.","Smoking, obesity, and sedentary lifestyle",13.090590476989746,0.0,0.11981784099575261,0.4,0.20792713639830107
How many deaths are attributed to PE annually?,"More than 100,000 deaths or more are attributable to PE.","PE is responsible for about 100,000–150,000 deaths each year.",3.814250946044922,0.28715919783552785,0.8722737571927656,0.9,0.7663413424442118
What are the key components of clinical assessment and management of patients with ICDs?,"Cardiovascular evaluation, electrophysiological assessment, and psychosocial support.","Clinical assessment and management, including medication adherence, activity levels, and risk factors for heart failure.",25.664798736572266,0.12476473585344633,0.4916595265348924,0.4,0.3816167577846463
What is removed after the valve is implanted during TAVR?,The delivery system is removed.,The diseased valve is removed.,27.07807731628418,0.4198310021713049,0.4141050758931135,0.4,0.40960823079150643
What is the importance of regular monitoring of digoxin levels in patients?,"Regular monitoring of digoxin levels is crucial to ensure therapeutic efficacy and prevent toxicity, as digoxin has a narrow therapeutic index.",To ensure proper dosing and prevent toxicity.,4.742614269256592,0.3732460550780591,0.3239864775789007,0.7,0.4842438020471721
What are the local names for Brugada syndrome in different countries?,"Bangungut in the Philippines, Lai Tai in Thailand, and Pokkuri in Japan.","Brugada syndrome (BrS) or Andre-Frank syndrome (AFS), síndrome derugada de Fabry (SFD), síndrome derugada de tipo 1 (SDRT-1), síndrome derugada de tipo 2 (SDRT-2), síndrome derugada de tipo 3 (SDRT-3), síndrome derugada de tipo 4 (SDRT-4), síndrome derugada de tipo 5 (SDRT-5), síndrome derugada de tipo 6 (SDRT-6), síndrome derugada de tipo 7 (SDRT-7), síndrome derugada de tipo 8 (SDRT-8), síndrome derugada de tipo 9 (SDRT-9), síndrome derugada de tipo 10 (SDRT-10), síndrome derugada de tipo 11 (SDRT-11), síndrome derugada de tipo 12 (SDRT-12).",52.79305648803711,0.0,0.01774892923074649,0.1,0.04709957169229861
Who introduced surgery for aortic dissection?,Surgery for aortic dissection was introduced in the 1950s by Michael E. DeBakey.,William Heberden,3.7350213527679443,0.0,0.025198712878647486,0.4,0.17007948515145901
What imaging test is often used after an abnormal ABI to look at the site of obstruction and extent of atherosclerosis?,Lower limb Doppler ultrasound.,Coronary angiography or cardiac CT angiography.,58.643062591552734,0.0,0.2416448558891667,0.5,0.29665794235566667
Is there a correlation between the degree of aortic regurgitation and the need for surgical intervention?,"Yes, severe cases require intervention","Yes, the severity of regurgitation is correlated with the need for surgery.",6.318143844604492,0.0,0.4205750028855923,0.9,0.5282300011542369
How does mitral valve stenosis contribute to atrial fibrillation?,"Mitral valve stenosis, whether due to rheumatic heart disease or mitral valve prolapse, is a known factor associated with the development of atrial fibrillation.","Mitral valve stenosis can lead to the formation of clots that travel to the lungs or other parts of the body, which can form emboli that block blood flow to the heart muscle.",5.3616623878479,0.2267813471900781,0.6668665548670564,0.2,0.3921028913848382
Does atrial fibrillation in cats and dogs usually indicate an underlying heart disease?,"Yes, they often have underlying structural heart disease.","Yes, it often suggests the presence of structural or functional abnormalities.",6.203178882598877,0.34570445193652155,0.5767958670927803,0.9,0.6598592372244165
What role does calciphylaxis play in coronary artery disease?,Calcium phosphate (hydroxyapatite) deposits in the muscular layer of the blood vessels appear to play a significant role in stiffening the arteries and inducing the early phase of coronary arteriosclerosis.,Calciphylos is a complication of long-term use of corticosteroids that can lead to the formation of calcium deposits in the arteries of the heart and other organs.,8.639765739440918,0.1989279810988874,0.5091607144344562,0.2,0.32344988199355995
What has increased in terms of risk factors for cardiac stress testing?,The prevalence of diabetes and obesity.,Risk factors for coronary heart disease have also increased.,2.5276665687561035,0.0,0.3157717614526075,0.7,0.40630870458104296
What are some natural sources of statins?,Oyster mushrooms and red yeast rice.,"Some natural sources include black currant (also known as lingonberry), sennep, and hawthorn berries.",72.40008544921875,0.0,0.35055346694132034,0.4,0.3002213867765282
How does the sinoatrial node function in a healthy heart?,"It acts as the heart's natural pacemaker, generating regular electrical impulses that spread throughout the heart.",It generates electrical impulses that control the heartbeat.,3.6406383514404297,0.3326830204355852,0.8081137783260107,0.8,0.7097821154175215
Can a happy event trigger takotsubo cardiomyopathy?,"Yes, in a few cases, the stress may be a happy event, such as a wedding, winning a jackpot, a sporting triumph, or a birthday.","Yes, a happy event can trigger this condition.",21.312591552734375,0.2703667414900626,0.5249743240214241,0.9,0.6240630779065822
When do skin necrosis and limb gangrene typically occur with Warfarin?,Skin necrosis and limb gangrene are most commonly observed on the third to eighth day of therapy.,"Skin necrosis and limb gangrene usually occur when Warfarin levels drop too low (i.e., during periods of fasting or illness).",8.19110107421875,0.37568841502530037,0.6980089694793578,0.4,0.5143412707968031
Are extended courses of immunosuppressive therapy often required for these immune-mediated forms of myocarditis?,"Yes, they often require an extended course (maintenance course) of immunosuppressive therapy.","No, they do not require ongoing immunosuppression.",12.407078742980957,0.3100024527682124,0.7561692961828953,0.4,0.5244682090268007
What can happen if AV-blocks are treated unnecessarily?,Worsening of symptoms and complications.,"If the AV-blocks are treated unnecessarily, it may result in complications such as cardiac arrest or death.",3.8127739429473877,0.1918358061020682,0.3181336258151759,0.7,0.44562061154648397
Can a normal stress test rule out coronary artery disease?,"No, a 'normal' stress test does not offer any substantial reassurance that a future unstable coronary plaque will not rupture and block an artery, inducing a heart attack.","Yes, it can rule out coronary artery disease.",17.54279899597168,0.15035824160377875,0.5559889145657373,0.2,0.3324672141470507
Is Takotsubo cardiomyopathy more common in certain demographics?,It is more common in postmenopausal women.,"Yes, it is more common in women than in men.",4.401268005371094,0.735085843014509,0.7225734235287347,0.8,0.7560465380143957
Can Brugada syndrome be treated effectively?,"The main aim is to reduce the risk of sudden death, but specific treatments depend on the individual's risk level.","Yes, it can be managed through lifestyle modifications and medication if necessary.",5.961263656616211,0.0,0.3069090004740325,0.6,0.362763600189613
What are some examples of arrhythmias treated by antiarrhythmic agents?,"Atrial fibrillation, supraventricular tachycardia, and ventricular tachycardia.","Atrial fibrillation, supraventricular tachycardia, and ventricular tachycardia.",1.0738071203231812,1.0,0.9999998747436865,0.9,0.9599999498974747
What does the name 'Takotsubo' refer to in this condition?,A Japanese octopus trap shaped like the left ventricle during an acute episode.,It refers to the disease.,203.19334411621094,0.0,0.08643859913589427,0.8,0.3545754396543578
Which conditions specifically make nitrovasodilators contraindicated?,"Severe hypotension, shock (including cardiogenic shock), and anaemia.","Conditions where vasodilation is contraindicated include severe hypotension, acute myocardial infarction, and unstable angina.",11.371184349060059,0.2202267675846218,0.4635144955060853,0.4,0.3894511517193585
How does angina pectoris develop in aortic regurgitation?,Due to increased myocardial oxygen demand secondary to left ventricular hypertrophy or dilatation.,"Angina pectoris develops due to the narrowing of the coronary arteries by atherosclerosis, which is exacerbated by the regurgitation of blood from the aorta into the left ventricle.",14.332496643066406,0.0711491192270211,0.4464180420697128,0.4,0.3527970406732894
Is Long QT Syndrome more common in females or males?,Females are affected more often than males.,Long QT syndrome is more common in males than females.,1.9758977890014648,0.6103510954250523,0.48768000819677315,0.8,0.6371422223637198
"According to the American Heart Association, what should be categorized as a clinical vital sign?","Cardiorespiratory fitness, quantifiable as V̇O2 max and measured during a cardiopulmonary exercise test",Pulse rate,28.007627487182617,0.0,0.23853668309632856,0.4,0.25541467323853145
What role does excessive alcohol consumption play in the development of metabolic syndrome?,Excessive alcohol use can contribute to the development of metabolic syndrome.,Excessive alcohol consumption is listed as one of the factors that contribute to the development of metabolic syndrome.,1.7649599313735962,0.8507901161067468,0.9578700389340462,0.9,0.9133060387949679
What would you expect to observe during jugular venous pulse examination in severe tricuspid regurgitation?,"In severe tricuspid regurgitation, you would expect to observe giant C-V waves in the jugular venous pulse due to the elevated pressure in the right atrium and superior vena cava.",A drop in peripheral resistance due to the increased left ventricular stroke volume.,6.872325897216797,0.0,0.2537446784072332,0.1,0.1414978713628933
How are anticoagulants related to antiplatelet drugs?,They manipulate different pathways of blood coagulation.,They have additive or multiplicative effects depending on the specific drug combination.,39.1336669921875,0.11560496159299115,0.3581165684103953,0.2,0.2463676196827564
What are the main goals of treatment for angina pectoris?,"Relief of symptoms, slowing progression of the disease, and reduction of future events, especially heart attacks and death.",To relieve symptoms and prevent further heart damage.,6.566850185394287,0.1573961312810096,0.6174084731762665,0.9,0.6384426155267086
How much does the mitral valve area need to decrease before it starts to impede blood flow into the left ventricle?,"When the mitral valve area goes below 2 cm2, the valve causes an impediment to the flow of blood into the left ventricle.",The mitral valve area needs to decrease by more than 50% for it to start to impede blood flow into the left ventricle.,4.363116264343262,0.6187532233594948,0.8270646201705628,0.4,0.614576492740124
What does a typical ECG in atrial fibrillation show?,A typical ECG in AF shows irregularly spaced QRS complexes without P waves.,It shows irregular heart rhythms with no consistent pattern.,16.166048049926758,0.16771354676537548,0.4549782151088048,0.9,0.5755339953965971
What protective effect does the AV node have in atrial flutter?,The AV node exerts a protective effect on heart rate by blocking atrial impulses in excess of about 180 beats/minute.,The AV node has a protective effect by preventing atrial flutter from being conducted to the ventricles.,5.793344974517822,0.3542057441186911,0.8617046294545607,0.7,0.6955230006055625
Which cell type synthesizes BNP?,Cardiomyocytes synthesize BNP.,The hepatic cells.,12.525358200073242,0.0,0.2010416283721583,0.4,0.24041665134886336
What are the different angiographic morphologies of Takotsubo cardiomyopathy?,"Takotsubo type (apical akinesia and basal hyperkinesia), reverse takotsubo (basal akinesia and apical hyperkinesia), mid-ventricular type (mid-ventricular ballooning accompanied by basal and apical hyperkinesia), and localised type (any other segmental left ventricular ballooning with clinical characteristics of takotsubo-like left ventricular dysfunction)","There are three main angiographic morphologies: non-specific, focal, and globose.",22.06768035888672,0.0,0.2579979131045598,0.4,0.26319916524182396
What underlying conditions might exacerbate symptoms of atrial flutter?,Underlying heart diseases such as coronary artery disease or poor exercise tolerance may rapidly worsen symptoms.,Underlying heart diseases such as coronary artery disease or valvular heart disease.,5.569962024688721,0.6215238769035704,0.6385077113110021,0.8,0.699707859905115
What is the outcome of high-dose calcium channel blockers in IPAH patients?,Useful in only 5% of IPAH patients who are vasoreactive by Swan-Ganz catheter.,They do not improve outcomes.,296.6430969238281,0.0,0.15534474326495237,0.4,0.222137897305981
Which class of drugs is mentioned as potentially useful for relaxing blood vessels in the lungs?,Calcium channel blockers.,Class IV antiarrhythmic drugs.,2.0438034534454346,0.0,0.3741743651806487,0.4,0.3096697460722595
What preventive measures can reduce the risk of aortic aneurysm enlargement?,"Attention to the patient's blood pressure, smoking, and cholesterol levels.","Smoking cessation, regular exercise, maintaining a healthy weight, and eating a healthy diet.",12.264803886413574,0.13889178789137938,0.4299819399184293,0.8,0.5197711335456476
